{
  "id": "2318803",
  "name": "图标",
  "font_family": "iconfont",
  "css_prefix_text": "icon-",
  "description": "",
  "glyphs": [
    {
      "icon_id": "2742679",
      "name": "新闻",
      "font_class": "xinwen",
      "unicode": "e67f",
      "unicode_decimal": 59007
    },
    {
      "icon_id": "2831972",
      "name": "新闻",
      "font_class": "xinwen1",
      "unicode": "e632",
      "unicode_decimal": 58930
    },
    {
      "icon_id": "3900479",
      "name": "新闻",
      "font_class": "shangwutubiao-",
      "unicode": "e664",
      "unicode_decimal": 58980
    },
    {
      "icon_id": "5166701",
      "name": "通知",
      "font_class": "xintubiao-",
      "unicode": "e6d8",
      "unicode_decimal": 59096
    },
    {
      "icon_id": "6426921",
      "name": "公告",
      "font_class": "gonggao",
      "unicode": "e674",
      "unicode_decimal": 58996
    },
    {
      "icon_id": "10107983",
      "name": "公告",
      "font_class": "gonggao1",
      "unicode": "e607",
      "unicode_decimal": 58887
    },
    {
      "icon_id": "12070423",
      "name": "通知",
      "font_class": "bianpinghuatubiaosheji-",
      "unicode": "e638",
      "unicode_decimal": 58936
    },
    {
      "icon_id": "14469807",
      "name": "通知",
      "font_class": "tongzhi",
      "unicode": "e633",
      "unicode_decimal": 58931
    },
    {
      "icon_id": "1973139",
      "name": "创新",
      "font_class": "idea__easyico",
      "unicode": "e600",
      "unicode_decimal": 58880
    },
    {
      "icon_id": "301788",
      "name": "加入",
      "font_class": "jiaru",
      "unicode": "e62b",
      "unicode_decimal": 58923
    },
    {
      "icon_id": "583122",
      "name": "加入",
      "font_class": "76xinzeng",
      "unicode": "e650",
      "unicode_decimal": 58960
    },
    {
      "icon_id": "729340",
      "name": "个人信息",
      "font_class": "gerenxinxi",
      "unicode": "e613",
      "unicode_decimal": 58899
    },
    {
      "icon_id": "1221235",
      "name": "查看",
      "font_class": "chakan",
      "unicode": "e609",
      "unicode_decimal": 58889
    },
    {
      "icon_id": "1303364",
      "name": "创建活动",
      "font_class": "chuangjianhuodong",
      "unicode": "e61c",
      "unicode_decimal": 58908
    },
    {
      "icon_id": "1646231",
      "name": "加入",
      "font_class": "jiaru1",
      "unicode": "e610",
      "unicode_decimal": 58896
    },
    {
      "icon_id": "2480667",
      "name": "首页",
      "font_class": "shouye",
      "unicode": "e630",
      "unicode_decimal": 58928
    },
    {
      "icon_id": "3785754",
      "name": "首页",
      "font_class": "shouye1",
      "unicode": "e64a",
      "unicode_decimal": 58954
    },
    {
      "icon_id": "9851599",
      "name": "加入我们",
      "font_class": "jiaruwomen",
      "unicode": "e612",
      "unicode_decimal": 58898
    },
    {
      "icon_id": "10056986",
      "name": "查看",
      "font_class": "chakan1",
      "unicode": "e61d",
      "unicode_decimal": 58909
    },
    {
      "icon_id": "10273324",
      "name": "个人信息",
      "font_class": "gerenxinxi1",
      "unicode": "e603",
      "unicode_decimal": 58883
    },
    {
      "icon_id": "12864978",
      "name": "个人信息",
      "font_class": "grxx",
      "unicode": "e60a",
      "unicode_decimal": 58890
    },
    {
      "icon_id": "14560643",
      "name": "查看",
      "font_class": "chakan2",
      "unicode": "e61e",
      "unicode_decimal": 58910
    },
    {
      "icon_id": "16928640",
      "name": "查看",
      "font_class": "chakan3",
      "unicode": "e631",
      "unicode_decimal": 58929
    },
    {
      "icon_id": "7964497",
      "name": "密码",
      "font_class": "mima1",
      "unicode": "e62f",
      "unicode_decimal": 58927
    },
    {
      "icon_id": "9974413",
      "name": "密码",
      "font_class": "mima2",
      "unicode": "e703",
      "unicode_decimal": 59139
    },
    {
      "icon_id": "11491739",
      "name": "密码",
      "font_class": "zu",
      "unicode": "e60e",
      "unicode_decimal": 58894
    },
    {
      "icon_id": "1301375",
      "name": "搜索",
      "font_class": "sousuo",
      "unicode": "e661",
      "unicode_decimal": 58977
    },
    {
      "icon_id": "4769868",
      "name": "搜索",
      "font_class": "sousuo1",
      "unicode": "e606",
      "unicode_decimal": 58886
    },
    {
      "icon_id": "8679374",
      "name": "搜索",
      "font_class": "sousuo2",
      "unicode": "e688",
      "unicode_decimal": 59016
    },
    {
      "icon_id": "10580800",
      "name": "搜索",
      "font_class": "ziyuan",
      "unicode": "e627",
      "unicode_decimal": 58919
    },
    {
      "icon_id": "3875039",
      "name": "登录",
      "font_class": "denglu1",
      "unicode": "e60d",
      "unicode_decimal": 58893
    },
    {
      "icon_id": "11269278",
      "name": "登录",
      "font_class": "denglu",
      "unicode": "e695",
      "unicode_decimal": 59029
    },
    {
      "icon_id": "1695425",
      "name": "用户",
      "font_class": "yonghu",
      "unicode": "e60c",
      "unicode_decimal": 58892
    },
    {
      "icon_id": "7515705",
      "name": "密码",
      "font_class": "mima",
      "unicode": "e608",
      "unicode_decimal": 58888
    },
    {
      "icon_id": "333006",
      "name": "登录 用户",
      "font_class": "icon",
      "unicode": "e61b",
      "unicode_decimal": 58907
    }
  ]
}
